# de personas,Membership degree,Membership frequency
10,9,0.9
20,15,0.75
30,19,0.6333333333333333
40,25,0.625
50,34,0.68
60,41,0.6833333333333333
70,49,0.7
80,57,0.7125
90,64,0.7111111111111111
100,73,0.73
110,80,0.7272727272727273
120,85,0.7083333333333334
130,92,0.7301587301587301